rank,Name,team_id,country,score,events
1,r3kapig,58979,China,1334.362,34
2,kalmarunionen,114856,Denmark,1117.41,35
3,The Flat Network Society,87434,France,971.741,41
4,Project Sekai,169557,idk,926.578,17
5,Infobahn,364723,idk,872.674,28
6,Never Stop Exploiting,13575,China,860.317,11
7,thehackerscrew,85618,Antarctica,849.142,32
8,".;,;.",222911,United States,849.042,17
9,organizers,42934,Switzerland,827.779,27
10,justCatTheFish,33893,Poland,826.525,17
11,L3ak,220336,United States,800.011,23
12,TheRomanXpl0it,46516,Italy,794.384,42
13,BunkyoWesterns,269765,Japan,715.216,25
14,valgrind,355817,United States,673.559,37
15,üí¶‚Äã,205897,idk,670.575,10
16,Nu1L,19208,China,638.898,20
17,Friendly Maltese Citizens,220769,Malta,617.14,8
18,UofTCTF,139261,Canada,604.895,27
19,RubiyaLab,303159,"Korea, Republic of",597.199,35
20,bi0s,662,India,578.667,53
21,Squid Proxy Lovers,222966,United States,576.678,28
22,S‚Ñ¢,7533,Poland,556.967,17
23,SNHT,193894,Sweden,545.044,23
24,Maple Bacon,73723,Canada,539.427,31
25,[:],375355,idk,498.016,4
26,SNI,279998,Indonesia,497.104,26
27,Zer0RocketWrecks,307823,idk,494.938,7
28,FluxFingers,551,Germany,491.429,17
29,Cryptonite,62713,India,483.156,75
30,Ganesh,54706,Brazil,467.096,29
31,BKISC,199510,Viet Nam,461.45,54
32,InfoSecIITR,16691,India,456.893,52
33,Srdnlen,83421,Italy,453.885,32
34,Hack@Sec,135426,Nepal,453.647,54
35,0bscuri7y,370140,India,444.861,54
36,> r0/dev/null,305658,Romania,440.682,29
37,b01lers,11464,United States,433.227,29
38,Gimel,357179,Poland,432.95,43
39,noreply,210760,Algeria,432.858,30
40,0xL4ugh,132776,Egypt,430.816,40
41,PwnSec,28797,idk,417.935,42
42,Tower of Hanoi,300,Italy,414.659,17
43,0xFUN,354033,Saudi Arabia,414.105,63
44,MindCrafters,284686,Poland,413.058,66
45,üêß‚Äé,283853,idk,409.679,33
46,Lil L3ak,373171,idk,407.803,29
47,Cosmic Bit Flip,372043,United States,405.914,24
48,BlitzHack,307415,India,405.661,94
49,DeadSec,19339,Jordan,401.605,32
50,Securani,360303,Poland,393.898,15
51,dtl,157017,Russian Federation,393.441,18
52,L.A.R.P.,269755,Germany,386.426,13
53,HCS,70159,Indonesia,385.58,70
54,SU,29641,China,384.213,42
55,ASIS,4140,"Iran, Islamic Republic of",384.093,5
56,DiceGang,109452,United States,382.249,7
57,PBR | UCLA,186494,United States,380.098,18
58,Slovak Cyber Team,197247,Slovakia,374.403,34
59,0xHUST,374531,Viet Nam,373.124,27
60,Superflat,274071,Netherlands,370.98,16
61,Nc{Cat},360305,Saudi Arabia,370.209,57
62,0ops,4419,China,367.125,9
63,BITSkrieg,22310,India,366.047,84
64,Ireland without the RE,179144,Ireland,365.996,33
65,QnQSec,367683,Jordan,365.709,54
66,ENOFLAG,1438,Germany,364.336,9
67,S1uM4i,224936,China,360.617,20
68,CyKOR,369,"Korea, Republic of",356.862,16
69,The Few Chosen,140885,Romania,356.253,15
70,RaptX,357584,idk,355.239,24
71,f4n_n3r0,281734,Viet Nam,354.516,114
72,FPTU Ethical Hacker Club,187155,Viet Nam,351.965,62
73,Plaid Parliament of Pwning,284,United States,351.019,21
74,0xf1sh,299716,United States,350.184,45
75,KITCTF,7221,Germany,347.759,12
76,st0p_cyb3rbu11ying,271315,Russian Federation,344.881,49
77,ARESx,128734,United States,344.651,28
78,Pwn-la-Chapelle,279433,Germany,344.051,10
79,Trojeun,374058,Algeria,340.815,39
80,C4T BuT S4D,83435,Russian Federation,338.917,7
81,Bushwhackers,586,Russian Federation,338.417,13
82,UniverSea,371632,Viet Nam,338.116,26
83,KCSC,82759,Viet Nam,324.79,11
84,SIGPwny,27763,United States,323.118,9
85,Thread in the Needle,278978,Greece,323.027,33
86,idek,157039,idk,321.639,14
87,Marcio Herobrine,213978,Brazil,318.883,22
88,NOVA,48032,India,318.879,60
89,Shellphish,285,United States,318.1,20
90,More Smoked Leet Chicken,1005,Russian Federation,316.791,10
91,WROng_flag,375467,Poland,316.402,10
92,HackingForSoju,3208,Sweden,315.327,4
93,0bug,238436,India,308.414,44
94,GMO Ierae,224122,Japan,300.738,6
95,FlagMotori,222060,"Iran, Islamic Republic of",300.734,27
96,FlagOverdose,369824,Viet Nam,299.72,20
97,SaturnX,144333,"Korea, Republic of",298.281,19
98,AreDaYush?,230725,Mongolia,297.207,31
99,slight_smile,208726,Singapore,296.981,28
100,Singapore Students Merger,299075,Singapore,296.647,42
101,NYUSEC,439,United States,296.315,52
102,BYU Cyberia,155711,United States,293.975,19
103,Drovosec,210132,Russian Federation,290.243,12
104,La fr√®rerie,304173,France,286.927,14
105,HDFR_,384849,France,286.906,30
106,mhackeroni,57788,Italy,286.81,5
107,The power of Elijah,368793,Russian Federation,286.058,17
108,xSTF,15341,Portugal,283.992,29
109,bingus,154656,Italy,283.736,9
110,H7Tex,281844,India,281.999,58
111,Kheshig,305688,Mongolia,281.977,54
112,NUS GreyHats,16740,Singapore,281.207,9
113,FR13NDS TEAM,155678,Kazakhstan,278.733,22
114,Ripe Rice,280979,Viet Nam,275.208,17
115,h4tum,113083,Germany,274.965,22
116,Maple Mallard Magistrates,193591,idk,273.943,4
117,saladstream,233267,idk,271.117,11
118,deathwing,306776,India,268.653,18
119,0-Day Aarhus,251818,Denmark,268.069,25
120,STT,34619,Portugal,267.741,10
121,pwnthem0le,60467,Italy,265.49,8
122,Nahomies,287776,United States,265.313,23
123,El1teS3c,309244,Jordan,263.071,82
124,Emu Exploit,160273,Australia,261.926,13
125,ICC UH,314212,Indonesia,261.587,48
126,ByteC4ts,362988,idk,258.85,25
127,Norske N√∏kkelsnikere,222749,Norway,257.179,7
128,0xFAILURES,372147,Pakistan,256.76,41
129,JSoyke,201142,Australia,254.738,42
130,milworms,287651,Ukraine,252.412,39
131,twosheep,378602,United States,250.164,21
132,Perperikon,194263,Bulgaria,248.715,25
133,Black Bauhinia,83678,Hong Kong,248.634,24
134,cyberplanet,385457,United States,247.677,7
135,Team BlueCyber,194177,Viet Nam,245.64,19
136,CascRoot,373919,Algeria,245.482,22
137,CubeMastery,168744,United States,244.178,10
138,Cyb3rPr1s0n,280094,Viet Nam,242.991,44
139,0M3G4_SQU4D,306615,Morocco,242.016,46
140,dcua,762,Ukraine,241.936,27
141,TeamSerbia,130070,Serbia,241.131,17
142,MadrHacks,114509,Italy,241.121,16
143,$cr1pt_K1dd13$,373205,Italy,240.154,44
144,|3r0th3r CC,273127,Viet Nam,238.874,65
145,M4SEC,368396,Morocco,238.601,30
146,3HLD,372628,Viet Nam,238.546,44
147,LCD,270230,Russian Federation,237.712,18
148,OP_EN,150351,United Kingdom,235.645,40
149,CTF Academy,384247,United States,234.489,13
150,poiko,91377,Norway,234.431,14
151,flying_dutchman,349680,Viet Nam,234.369,30
152,noraneco,12750,Japan,232.43,64
153,EHAX,270643,India,231.99,35
154,SleepyHollow,282180,France,231.394,23
155,viole(n)t,303156,Poland,230.335,29
156,IronW0lf,371162,United States,229.568,17
157,WE_0WN_Y0U,1964,Austria,229.396,12
158,Akasec,107202,Morocco,229.123,21
159,saarsec,15337,Germany,228.014,10
160,pwn4s0n1c,303566,idk,226.077,18
161,THEM?!,390919,idk,225.701,12
162,P3WP3W,196036,Romania,225.279,16
163,Bing Chilling Academies,283028,United States,225.235,24
164,Epic Leet Team,9061,Brazil,224.504,16
165,AWAWAWAVAUATSH,375708,Poland,224.285,16
166,Knightsec,2500,United States,222.512,21
167,USTC-NEBULA,168863,China,221.922,30
168,Underr00ted,385890,Algeria,219.626,25
169,Hakierspejs,367891,Poland,219.369,27
170,OwlSec,36012,United States,218.52,42
171,ResetSec,266022,Antarctica,216.891,21
172,Platypwnies,112550,Germany,215.424,9
173,Kernel Sanders,397,United States,214.75,35
174,Brunnerne,155032,Denmark,214.702,27
175,JordanSec,260705,Jordan,214.523,25
176,about:blankets,208552,Italy,214.374,5
177,AirOverFlow,140448,Pakistan,213.047,32
178,V1t,280950,Viet Nam,212.954,74
179,1c3Gh3tt0,299748,Greece,212.379,59
180,aespaFanClub,362537,Viet Nam,212.304,50
181,vianu_hack,379530,Romania,212.127,32
182,ECSC Team France,159269,France,210.548,6
183,Caliphal Hounds,225933,Spain,210.377,33
184,OctalO,269207,Romania,209.614,14
185,KuK Hofhackerei,59774,Austria,208.665,4
186,V&N,106087,China,207.948,14
187,CSG,333,United States,207.521,11
188,IITBreachers,165802,India,206.982,20
189,PWr Synt@x Err0r,88205,Poland,206.838,7
190,NuttyShell,72265,Hong Kong,205.088,18
191,laevatain,369034,Viet Nam,202.197,49
192,TPC,222485,Japan,201.82,23
193,Leet Puppets,308760,idk,201.101,20
194,Azure Assassin Alliance,194222,China,201.002,29
195,w4llz,397301,idk,200.693,12
196,fibonhack,117538,Italy,200.481,18
197,HITCON,8299,"Taiwan, Republic of China",200.0,1
198,pwnagaukar,160468,Iceland,199.537,16
199,ICEDTEA,303514,"Taiwan, Republic of China",197.937,39
200,RoyalRoppers,176008,Sweden,197.776,16
201,f$NPwn3d,380452,Myanmar,197.468,20
202,SavedByTheShell,78233,United States,195.837,15
203,Paolo,263145,San Marino,195.199,29
204,Google CTF,23929,idk,194.34,1
205,ScriptSorcerers,284260,United States,194.111,9
206,Heaven's_Birds,142149,Algeria,193.151,13
207,Hack The Box,136056,United Kingdom,192.0,4
208,Flag Fortress 2,302712,Israel,191.46,28
209,0xE0F,271774,idk,188.922,72
210,K!nd4SUS,150337,Italy,188.48,10
211,pwnlentoni,230457,Italy,187.952,18
212,RPCA Cyber Club,132960,Thailand,187.759,19
213,NICP,374122,Indonesia,187.492,6
214,N0wayBack,209896,idk,186.999,6
215,CYBERSQD,273508,Russian Federation,186.806,11
216,TahSec,72775,Australia,185.351,22
217,L0stAx3s,354995,Russian Federation,185.025,21
218,cR4.sh,224675,Russian Federation,185.013,12
219,BIZone,32190,Russian Federation,184.9,1
220,Beavers0,269281,Belarus,183.898,12
221,Crusaders of Rust,132628,United States,183.333,2
222,DownUnderCTF,126400,Australia,183.32,1
223,RAT?!,372652,Viet Nam,182.904,64
224,ByteBandits,13691,India,182.325,51
225,Obsidian Howlers,372250,India,182.052,47
226,Super Guesser,130817,idk,181.346,7
227,parakavia,162497,Indonesia,179.203,8
228,Phish Paprika≈°,229332,Croatia,178.398,24
229,pingCTF,147266,Poland,177.002,9
230,NCA@Nepal,301505,Nepal,176.677,73
231,SuperDiceCode,222838,idk,176.641,2
232,cyberCryer,306880,China,176.5,1
233,Redbud,20555,China,175.804,17
234,M0r3 L1F3,365472,Viet Nam,174.905,49
235,TeamH4C,1301,"Korea, Republic of",174.399,10
236,Petir Cyber Security,64958,Indonesia,174.112,13
237,ByteTheCookies,309819,Italy,173.884,26
238,DUCKERZ,372036,Russian Federation,173.714,6
239,AirXeros,304470,Pakistan,172.747,34
240,S–†RUSH,76463,Russian Federation,171.637,9
241,CyberCh1ck,306185,Viet Nam,171.368,67
242,UMDCSEC,87711,United States,171.352,3
243,PHREAKS 2600,200877,France,170.067,15
244,HypeBoy,221939,"Korea, Republic of",169.816,2
245,RE:UN10N,307413,Malaysia,169.707,20
246,Phr34k$,278448,Tunisia,169.414,25
247,Wade,80478,idk,169.209,46
248,BYTE BABIES,280084,Canada,168.791,35
249,Team Austria,193899,Austria,168.195,3
250,CyberUnicorn,111016,China,167.794,70
251,HackUTT,38331,France,167.708,20
252,Schr√∂dinger Bears,304586,Pakistan,167.582,48
253,d4rkc0de,15154,India,166.305,13
254,Hidden Investigations,188318,Bangladesh,164.278,47
255,ChiLL Chain,352367,Uzbekistan,164.194,29
256,Blue Lock Eleven,368467,Nepal,163.502,73
257,Galette Cidre CTF,246488,France,162.768,9
258,our team name was stolen,365694,"Korea, Republic of",162.737,15
259,WhiteDukesDZ,392864,Algeria,161.358,35
260,Arr3stY0u,176468,China,160.847,5
261,Del0n1x,283146,China,160.421,47
262,R4nd0m B00l5h33t5 G0,278565,Bangladesh,159.996,64
263,Weak But Leet,149848,idk,159.53,24
264,Pwnissa,386813,Italy,159.157,12
265,lab4,154533,Poland,159.131,15
266,MQCyberSec,112620,Australia,158.992,25
267,LosFuzzys,8323,Austria,158.808,14
268,1nf1n1ty,151859,India,158.764,45
269,Capablanca,380591,Switzerland,158.465,20
270,PixelPioneers25,286676,Tunisia,157.597,36
271,FluxKITtens :3,392048,Germany,157.353,3
272,CyberTaskForce Zero,66229,Germany,157.023,15
273,Rea11y Annoying Bots(RAB),394229,Bangladesh,156.687,28
274,TU Delft CTF Team,134822,Netherlands,156.668,10
275,SPAIN ECSC 2025,395375,Spain,156.637,11
276,OSUSEC,12858,United States,155.794,5
277,Pixel Perfecter,367946,Israel,155.679,19
278,CYberMouflons,81678,Cyprus,154.926,17
279,Duckware,355851,Brazil,154.768,9
280,g1P03n,371132,China,154.614,10
281,/mnt/ain,152367,Switzerland,153.888,7
282,Bugs B0unt3r,211637,Colombia,153.631,50
283,S1gW0zzys,365480,Austria,153.495,3
284,pasten,6965,Israel,153.163,4
285,k0kos,62105,idk,151.349,72
286,K17,17058,Australia,151.014,17
287,Shellskapsresan,361941,Sweden,150.249,37
288,holyhexor,373107,Indonesia,149.916,60
289,Untitled CTF Game,221868,Indonesia,149.661,26
290,les amateurs,166729,United States,148.312,2
291,nikost,138513,France,148.286,9
292,syndication,395280,India,147.761,6
293,Liquid Team,141007,Poland,147.606,6
294,KuK Hof&shy;hackerei,390797,Austria,147.373,1
295,Pookie Bears,311133,India,146.589,48
296,Cyber Rangers,87478,Ukraine,146.024,16
297,Ekho,364061,Norway,145.789,22
298,full_weak_engineer,305489,Japan,145.647,10
299,RedRocket,48677,Germany,145.538,5
300,BeyondMachines,373202,"Macedonia, The Former Yugoslav Republic of",145.232,15
301,CrOwOatia,359032,Croatia,144.94,11
302,itsnotagame,144560,Morocco,144.86,21
303,team enu,4894,Japan,144.587,12
304,wolvsec,83621,United States,144.412,9
305,Nautilus Institute,181536,United States,144.243,2
306,Lorem Ipsec,30031,Belgium,143.936,7
307,Equivalent XCHG,284393,United States,143.629,15
308,blackpinker,155048,Viet Nam,143.2,12
309,exploiitm,210741,India,143.174,15
310,m1nt4l1ty,284402,Algeria,143.123,27
311,The Amazing Digital Orange!,248480,"Korea, Republic of",142.065,2
312,bi0sblr,72702,India,142.025,51
313,DragonSec SI,113511,Slovenia,141.427,10
314,sknb,355880,Japan,140.996,17
315,HASHTEAM,267394,China,140.812,23
316,Ynov Cyber Crew,365016,France,140.613,15
317,clueless872,324043,idk,140.476,28
318,Milchlautsprecher,374958,Germany,140.203,19
319,KiN3t1cs,350936,India,140.023,32
320,The_Duck,198134,idk,139.612,2
321,Canadian Hacks,211279,Canada,139.545,36
322,NullByteNinjas,380077,India,139.289,34
323,Bits & Pieces,178228,India,139.152,63
324,Flagaholic,113364,Hong Kong,138.949,22
325,UMBC Cyber Dawgs,18405,United States,138.0,1
326,STELK_CSC,370898,Indonesia,136.966,42
327,Team Bitsec,212182,Bangladesh,136.921,15
328,Daemons of hacking,370927,Egypt,136.533,41
329,Nol3ptr,2524,United States,136.407,31
330,Rop Runners,279418,Russian Federation,135.91,10
331,BOBACTF,215015,United States,135.586,22
332,kks,32621,Russian Federation,135.537,15
333,LIT CTF,157660,United States,134.64,1
334,isss,69010,United States,134.42,1
335,NoENV,389643,Kazakhstan,133.684,19
336,The Something Something,372711,idk,133.22,5
337,Nepnep,106104,China,132.972,7
338,S1EEPY,204487,Thailand,132.582,10
339,DOMBUSTERS,283104,idk,132.089,25
340,ImaginaryCTF,131529,United States,132.04,1
341,Unemployed Nerds,374266,India,131.747,24
342,Sea~,361419,Indonesia,131.368,53
343,SIGAN,186784,Russian Federation,131.359,23
344,LSE,757,France,130.073,22
345,Knight Squad,141739,Bangladesh,130.038,6
346,upbhack,57581,Germany,129.889,17
347,napwnli,308814,Italy,129.356,13
348,HackOrda,367962,Kazakhstan,129.307,21
349,78,12946,idk,129.239,15
350,freep0nx,361758,France,128.267,63
351,Ex0rcists,311156,India,126.7,65
352,snocc,122781,Belgium,126.417,15
353,GopherHack,177350,United States,126.387,39
354,Information Security PTIT,400816,Viet Nam,126.289,5
355,Herois do Mar,394323,idk,125.946,3
356,BCACTF,81702,United States,125.94,1
357,Belgian Red Daemons,158782,Belgium,125.698,8
358,securisec,39971,Bangladesh,125.493,11
359,./Vespiary,80092,Japan,124.984,5
360,BR41NL@G,394674,Pakistan,124.979,16
361,*0xA,268941,China,124.588,5
362,M4j4nDyn4sty,369785,Oman,123.14,16
363,EPT,119480,Norway,122.925,5
364,PrivateUser,222358,India,122.741,38
365,musketears,378335,United States,122.669,14
366,RabbitHorse,365957,Japan,122.582,35
367,BinaryBears,36281,Russian Federation,122.318,11
368,:LOLZZ:,367339,"Korea, Republic of",122.233,15
369,NyxKittens,392980,Spain,121.995,15
370,D3m0n Hun73r5,403367,idk,121.745,1
371,CSUI,70551,Indonesia,121.201,5
372,Vuln3ra,373233,Algeria,121.067,33
373,T.U.S.K,165776,India,120.861,24
374,Griffyns,221924,Pakistan,120.617,11
375,cold fusion,287429,"Korea, Republic of",119.426,2
376,RPISEC,572,United States,119.075,17
377,Bognet,373247,Colombia,119.002,28
378,BugBunnies,378672,Switzerland,118.879,9
379,B/M/U,378360,idk,118.857,2
380,d3pth f1rst s3arch,355687,Philippines,118.765,22
381,Hawksec UNIFEI,226098,Brazil,118.619,32
382,B33F 50UP,300274,idk,118.459,6
383,DaVinciCode,112645,France,117.702,12
384,inFLAGranti,371113,Austria,117.634,4
385,PL314D3S,201896,Malaysia,117.553,8
386,Dacia Team,383164,Romania,117.344,17
387,Asuri,53426,idk,116.881,17
388,D6ath E9ters,307068,Tunisia,116.831,68
389,Team‚Ñ¢,378853,idk,116.796,5
390,Attack on Hash Function,270671,Nepal,116.475,40
391,Cosmic Squid,396585,United States,115.959,2
392,koko≈°ka,201859,Slovenia,115.808,10
393,kBxAc,358282,India,115.682,46
394,Pwnzer0tt1,309457,Italy,115.476,11
395,Y3ti@Sec,383056,Nepal,115.387,24
396,SomeShiftsHappen,282828,Russian Federation,115.316,17
397,fish3r,368433,France,114.913,26
398,Ulisse,71738,Italy,114.883,11
399,0xD3C0D3,373961,Spain,114.781,9
400,IIT(BHU)CyberSec,22546,India,114.301,8
401,Bootgang Gang,393505,Romania,113.904,3
402,IcySea,309834,Greece,113.646,2
403,SyntaxTerrons,378669,Italy,113.645,12
404,TAMUctf,37721,United States,113.32,1
405,‚Ç¨yber‚Ç¨lan,283346,India,113.164,32
406,Davidpb,184107,Germany,112.755,56
407,Ph0t1n1a,55197,China,112.712,7
408,OhYeahSeC,372110,"Taiwan, Republic of China",112.681,28
409,PLUS,1679,"Korea, Republic of",112.653,16
410,exec,210841,idk,112.43,27
411,Cyberlandslaget,225509,Norway,112.179,3
412,FITSEC,65296,United States,112.046,16
413,cv nume random,393614,Romania,112.024,3
414,FourToOne,165809,Netherlands,111.919,16
415,L0ck8y7e,350754,Egypt,111.64,46
416,Latvian Lattice Lovers,358919,Latvia,111.57,13
417,Pho Society,382392,Malaysia,111.536,25
418,Team0range,371622,Russian Federation,111.414,21
419,Team-915,254412,India,111.114,28
420,1ntrud3rs,367961,Kazakhstan,110.659,21
421,Aw4k3n,350749,Viet Nam,110.308,42
422,\00,380080,United States,110.114,13
423,4O4NULLERS,390633,India,109.916,20
424,MaaSec,365940,Netherlands,109.725,8
425,D^3CTF Organizers,91096,China,109.34,1
426,PokemonCollection,215658,idk,109.23,4
427,bdhxgrp,193805,Bangladesh,109.047,32
428,CyberwireZ,376077,Philippines,108.951,7
429,peepo,224686,Viet Nam,108.87,20
430,CyberXoX,374041,India,108.852,23
431,HKUSTFirebird,65249,Hong Kong,108.758,6
432,/dev/stp,208485,Austria,108.637,10
433,0xmorroidi,395422,idk,108.627,3
434,thnk_pt,225155,idk,108.447,2
435,havce,162123,Italy,108.226,7
436,PolySec,373261,United States,108.063,26
437,CODEGATE,39352,"Korea, Republic of",108.0,1
438,M3RC3N4RY,385281,Viet Nam,107.852,7
439,RSC,274629,idk,107.728,18
440,kannrisha,380239,Indonesia,107.691,21
441,dugnad,193761,Norway,107.54,1
442,JustHacking,59573,idk,107.54,1
443,TraceBash,392990,India,107.36,15
444,Triada,303057,India,107.274,65
445,A1natas,164355,China,107.167,9
446,TeamCC,34942,Japan,106.554,28
447,rot0,217215,United States,106.39,9
448,LutaNaRyj,231413,Czech Republic,106.331,6
449,Czech Cyber Team,65727,Czech Republic,105.907,4
450,Th3 4rchi73cts,391323,Morocco,105.825,20
451,TCP1P,187248,Indonesia,105.752,30
452,0x4B1D,163141,Russian Federation,104.054,10
453,DigitalMonsters,373926,India,103.891,30
454,IrisSec,127034,United States,103.196,4
455,tjcsc,53812,United States,102.58,1
456,Curio—ïity,392973,Tunisia,102.393,22
457,!Time_For_418,285931,Australia,102.144,16
458,UIT_TURTLE,362540,Viet Nam,102.007,23
459,Blue Hens,64660,United States,101.865,14
460,MrMcAdams,375713,idk,101.287,24
461,Cr4sh1ng0ut,376253,idk,100.646,15
462,CyberSh@rks,373153,India,100.413,12
463,0xFE,8163,Italy,100.407,10
464,Diamond_Dogs,378344,India,100.395,10
465,EvilBunnyWrote,70203,Russian Federation,100.375,20
466,Ng00m4lDhuhr,196656,Egypt,100.363,17
467,BIT,8682,China,100.103,20
468,SECCON CTF,11918,Japan,100.0,2
469,CCSIR.org,9831,Romania,100.0,1
470,F1r3ch0,384439,Viet Nam,99.752,18
471,SV Zer0,306410,idk,99.538,10
472,MAGER,158703,Indonesia,98.98,8
473,MeetingPostponed,372048,Austria,98.945,7
474,Trupa de »òioc,393764,Romania,98.889,2
475,Blind_Virus,252621,Bangladesh,97.921,16
476,lasos,400940,Russian Federation,97.798,4
477,The bakery,179546,idk,97.564,37
478,DŒ£DSEC,378909,India,97.311,6
479,G3,126251,Poland,97.29,28
480,r3kapig x Infobahn,389795,idk,97.22,2
481,hxp,585,idk,97.126,3
482,OSAM_z3r0day,364108,Bangladesh,96.977,33
483,1753c,178287,Poland,96.883,8
484,RootForcee,388584,Viet Nam,96.135,17
485,misc,109523,Australia,96.084,6
486,Flame,20638,idk,95.922,8
487,Dennis Nedry's IT Support Team,378999,Canada,95.887,17
488,meow,19676,idk,95.815,37
489,Lilac,15163,China,95.792,6
490,F4ng_snyder,379527,Viet Nam,95.649,22
491,Quantum Porridge,395257,San Marino,95.258,1
492,Team Greece,396586,idk,95.01,2
493,Cyber Dark Inferno,183240,Japan,94.979,14
494,Spirit+,23234,China,94.879,4
495,ROECYB,363118,Portugal,94.219,21
496,TeamAxat,374083,France,94.047,6
497,Ketchup(Catch-up),372867,India,93.772,54
498,hackratic,300432,Mongolia,93.168,50
499,Syclover,455,China,92.19,8
500,IQ-toppene,109611,Norway,92.062,5
501,Water Paddler,155019,idk,91.734,3
502,young (coo),403368,idk,91.612,4
503,What(),369100,Hong Kong,91.543,13
504,–ë–ê–ì–æ–¥–µ–ª—å–Ω—è,380161,Russian Federation,91.406,26
505,l0st_4ll_h0p3,258737,Russian Federation,91.084,13
506,OmniCYBR,383015,Romania,90.687,15
507,LastSeenIn2026,357402,Indonesia,90.623,25
508,Á´πÁãê,280959,"Taiwan, Republic of China",90.346,4
509,A Fundo,376256,Portugal,90.31,15
510,.hidden,225182,Romania,90.142,9
511,vyra,280082,United States,90.133,10
512,jasprit bumrah,375324,India,90.017,33
513,polygl0ts,53791,Switzerland,89.936,5
514,Huntik,127635,Bulgaria,89.836,44
515,TeamShakti,61083,India,89.607,4
516,BorderOfLife,367310,Viet Nam,89.356,37
517,PTIT Waguri,376135,Viet Nam,89.293,15
518,Nullbyte Nomads,395255,Falkland Islands (Malvinas),89.282,1
519,bejs64,375470,idk,89.243,9
520,Atomic_Pwnz,359857,Pakistan,89.178,41
521,Familiar Maltese Taxpayers,351259,Malta,89.051,15
522,UVT-CTF,214520,Romania,89.002,11
523,Sinister Script,307765,Finland,88.952,19
524,PissedFrenchSkateboardingBears,280849,Australia,88.866,2
525,Qu4cks,300287,Canada,88.641,18
526,VuwCTF,378359,New Zealand,88.586,17
527,Frog Council,360821,idk,88.517,15
528,ChaGU,145156,Sweden,88.424,6
529,SUSH1st,182007,Japan,88.089,2
530,KebabEngineers,221496,Sweden,87.983,3
531,Qu4nt1x,302722,Jordan,87.665,24
532,OSPF,205604,Morocco,87.621,31
533,M0NT3C4RL0,195096,Italy,87.477,7
534,nhl4000,133827,Canada,87.142,25
535,lydxn,274149,Canada,86.487,10
536,PsychoTherapist,275569,Pakistan,86.481,22
537,Band 0xF Br3ach3rs,380056,Tunisia,86.426,23
538,NoCLB,237304,France,86.238,14
539,Hungarian Cyber Security Team,286696,Hungary,86.212,4
540,__atm__,300440,Romania,85.972,13
541,Sauercloud,54748,Germany,85.473,3
542,Martial_Law_Enforcer,141789,idk,85.256,37
543,Platypus Posse,395421,idk,85.253,2
544,PurpleFoxxx,390304,India,84.743,26
545,c0d3_r3d,273034,India,84.513,48
546,MEOW MEOW MEOW MEOW MEOW,287661,United Kingdom,84.46,11
547,idontknowctf,383110,China,84.283,11
548,WhichRoot,395477,India,84.046,21
549,badsctr,134754,Poland,83.888,11
550,bup11f,351699,idk,83.811,8
551,MeowSec,283236,India,83.808,25
552,n00b_Sec,373102,United States,83.698,12
553,SYPER,2003,Argentina,83.569,7
554,fork_bomb,20499,United States,83.567,15
555,Safecloud,160835,idk,83.46,13
556,N1STAR,286497,idk,83.273,3
557,0x5ky,308674,Viet Nam,82.916,23
558,XMCVE-Polaris,307096,idk,82.815,4
559,VSL,284373,Viet Nam,82.368,72
560,SL33p1ng Gh0st,369802,Russian Federation,82.341,8
561,ÏïîÍ±∞ÎÇò „Ñ±,397180,idk,82.209,2
562,H4CK_077,310140,India,82.093,32
563,Banu Hashim Hackers,374995,Egypt,81.826,18
564,reCAPTCHA the Flag,280900,United States,81.776,8
565,VSL_P4rad0x,375797,Viet Nam,81.495,52
566,S4D Drovosec,389934,Russian Federation,81.362,2
567,0RAYS,61928,China,81.072,10
568,kijitora,193626,Japan,81.07,1
569,hellokitty,2508,Romania,80.962,23
570,G@mblingAddicted,373047,Ukraine,80.959,11
571,newline,364095,United States,80.907,10
572,f.society,351982,Russian Federation,80.79,19
573,AUTOEXEC.BAT,169864,Hong Kong,80.762,10
574,Diethylazodicarboxylate,367609,Nepal,80.558,33
575,Elite Security,309303,Jordan,80.48,9
576,Shell We Hack?,220236,Canada,80.359,17
577,Ê≠£ËßÑÂ≠êÁæ§,365958,idk,80.109,3
578,Synacktiv,156507,France,80.0,2
579,UofUCyberSec,286960,idk,79.257,8
580,0x1BERSERK,380230,idk,78.886,6
581,Table 47,279524,idk,78.591,6
582,‰∏Ä‰πù‰πù‰∏ÉÂπ¥ÊàëÂ≠¶‰ºö‰∫ÜÂºÄÊ±ΩËΩ¶‰∏äÂù°‰∏ãÂù°ËΩßÊ≠ª‰∫Ü‰∏ÄÂçÉÂ§öË≠¶ÂØüÊù•ÊäìÊàëÊàëË∑ëÂà∞Â•≥ÂéïÊâÄÂ•≥ÂéïÊâÄÁöÑÁÅØÊ≤°ÊúâÂºÄ‰∏ÄËÑöÊéâÂà∞ËåÖÂ±éÂùëÂíåÁ≤ëÁ≤ë‰∫§ÊúãÂèã,194221,China,78.386,1
583,TheHiddenCastle,301415,Saudi Arabia,78.324,7
584,Onicoders-UciTeam,307387,Cuba,78.32,20
585,K4YR0,374779,idk,78.138,24
586,P2P Academy,361583,idk,77.876,16
587,Fluid Attacks,126627,Colombia,77.754,5
588,traP,62510,Japan,77.745,15
589,PwnProphecy,158049,Germany,77.656,6
590,n3m3s1s,185401,Viet Nam,77.529,27
591,@HYDRA,382076,India,77.318,40
592,IT-Security Club,274079,Germany,77.065,13
593,DKU_Aegis,375712,idk,76.911,17
594,******,12592,China,76.898,14
595,Â§©Êû¢Dubhe,87469,idk,76.672,8
596,0TC,373954,China,76.669,10
597,wgpsec,135327,China,76.402,10
598,kiaB kataB,380179,Indonesia,75.889,7
599,Crimson Sandstorm,395256,idk,75.86,1
600,Flagsomnia,128998,India,75.618,14
601,!!__script_kiddies__!!,378290,India,75.566,31
602,wallaby3,217806,Netherlands,75.266,9
603,byteMe,28473,idk,75.246,12
604,C4ptur3Th3Fr0g,307745,Cuba,75.025,5
605,Cabbagical Team Forever,384112,idk,74.949,8
606,Fl4M3,351604,Jordan,74.822,32
607,hunt3r_b0un1y,391638,Viet Nam,74.809,15
608,CyberUNIT,392746,Lebanon,74.737,25
609,Overf1ow,379613,China,74.684,25
610,N2L,279497,Indonesia,74.676,18
611,Contagion,152691,United States,74.517,3
612,TokyoWesterns,12599,Japan,74.441,2
613,bhackari,194130,Italy,74.392,8
614,ECSC FI,194113,Finland,74.183,7
615,AIRvanguard,394066,Pakistan,74.128,15
616,Punk Security,212540,United Kingdom,74.0,1
617,W&M,54666,China,73.996,5
618,HackerSir,154555,"Taiwan, Republic of China",73.763,15
619,rzaba,107298,idk,73.662,10
620,SeekCreds,226775,France,73.557,7
621,VxPx,349957,idk,73.387,21
622,Kza,144325,idk,73.236,25
623,MasCodiKaze,361016,idk,73.228,3
624,iCarlyHackerClub,351685,idk,73.183,3
625,Amber Breeze,371984,China,73.126,13
626,blue-lotus,1941,China,73.087,3
627,The Bus Factor is 1:,389946,Indonesia,73.074,11
628,defragmented.brains,325,idk,72.977,8
629,magpies,203024,Canada,72.878,12
630,Hacklabor,42892,Germany,72.68,19
631,Uqbar,250938,Colombia,72.679,8
632,Dunderpatrullen,378451,idk,72.418,15
633,Integrated Hawkers,299872,Bangladesh,72.299,36
634,Gon_Tanaka,169131,Italy,72.245,40
635,krauq,248318,United States,72.098,8
636,UAC,140846,Portugal,72.087,9
637,Your Team,370699,India,71.868,29
638,Cyberlandsholdet,60501,Denmark,71.643,3
639,Alchemists of Kernel,130794,India,71.46,1
640,Emergency Bucket,206787,United States,71.349,15
641,siginthq,78828,United Kingdom,71.301,13
642,ex futuro,286653,United States,71.198,14
643,ri5e,48915,idk,71.013,50
644,Imp3rator,302684,Pakistan,70.988,14
645,ClearCode,5265,United Kingdom,70.967,19
646,UKFC,224947,idk,70.906,7
647,Nepaletka,240800,idk,70.889,15
648,0psu3,224944,idk,70.859,6
649,Gummi_Bears,374955,Russian Federation,70.67,7
650,yusatocatf,396070,idk,70.638,10
651,Red&Golden,383133,Israel,70.502,8
652,x_society,380290,idk,70.323,15
653,r3pka,252055,Russian Federation,70.223,13
654,k3yCr4ck,357585,Malaysia,70.019,15
655,CosmicIntruders,386009,India,69.841,24
656,0xdeadbeef,8599,idk,69.58,17
657,L3H Sec,75946,China,69.546,5
658,FANATICS,279408,Pakistan,69.261,20
659,abdullaxows,384115,Azerbaijan,69.149,28
660,null_X,397587,India,69.145,4
661,Itemize,11404,Norway,69.101,7
662,porrettenbande,273664,Luxembourg,68.987,11
663,after-school Cozy Tea Friends üçµ,372834,idk,68.93,5
664,m4,175108,idk,68.799,3
665,Berjer Koltuk,303662,Turkey,68.592,6
666,Stonks Security,198916,Cyprus,68.591,3
667,Team Estonia,395460,Estonia,68.585,4
668,2.5 hog cycle,394100,Romania,68.465,2
669,Binary_Beasts,389609,Pakistan,68.401,13
670,VN_MSEC,74037,Viet Nam,68.263,15
671,aesploit,378362,"Korea, Republic of",68.121,10
672,puppet7,400883,China,68.047,7
673,watunyu_h,225156,idk,68.007,1
674,+AstolfoALetto?,372728,Italy,67.998,15
675,TFS,194908,Malaysia,67.972,15
676,BIT CRIMINALS,151727,India,67.62,1
677,Cybertroll,307115,Viet Nam,67.489,19
678,Kitty Wizards,373176,United States,67.462,26
679,HR lovers,371275,France,67.238,15
680,magul,355304,idk,67.223,11
681,Z3dbytes,376086,idk,67.217,4
682,N3tw0rkGhosts,383098,Viet Nam,66.923,23
683,N0C715,376652,India,66.892,11
684,MelR00t,370922,idk,66.661,42
685,YMD_HK,214707,Hong Kong,66.495,72
686,Task141,215655,Armenia,66.365,11
687,Team3,8400,idk,66.096,15
688,SHPCTF{0xNULL},393011,Nigeria,65.721,4
689,0DayKW,365996,idk,65.665,13
690,Ï°∏ÏóÖÏàòÎ£åÏ¥àÍ≥ºÏû¨Ìïô,379259,idk,65.649,1
691,warudo,389054,idk,65.643,2
692,Under New Pwnership,376345,idk,65.513,5
693,42STF,235000,Italy,65.47,5
694,SiBears,557,Russian Federation,65.449,34
695,C0UGH1NGB4BY,359854,Malaysia,65.418,14
696,KUICS,1040,"Korea, Republic of",65.249,3
697,GR3B0M4,381071,Russian Federation,65.205,7
698,[team Team],49808,Russian Federation,65.18,1
699,HgbSec,59175,Austria,65.14,10
700,jiegec,208389,China,64.685,14
701,Shadowstorm Syndicate,279842,Bangladesh,64.604,14
702,0xFFF,36273,China,64.377,7
703,CyberCellVIIT,144677,India,64.253,6
704,thrumbos,106761,Poland,64.233,11
705,Cyber@UC,87727,United States,64.078,3
706,4lone_Kn1ght,375385,Viet Nam,64.057,10
707,amyglan,364126,idk,63.944,16
708,Inglorious Flagsterds,200032,France,63.923,5
709,Yu_212,220254,idk,63.681,5
710,MindBreakers ESGI,280786,France,63.556,9
711,Puzzled,310189,Switzerland,63.543,12
712,ADFCSA,151454,Australia,63.406,4
713,SHAOCHI LU,170807,"Taiwan, Republic of China",63.282,13
714,Rayleigh,374144,India,63.108,16
715,squ1rrel,201730,United States,63.007,5
716,PsychoBash,358981,France,62.908,7
717,tsid,392246,Australia,62.826,5
718,Scr1w,176565,China,62.531,6
719,0xUnr34l,282878,India,62.517,4
720,CSI,11930,Indonesia,62.507,14
721,Ack Ack,384703,United States,62.384,23
722,sebastianpc,59467,Denmark,62.323,15
723,Guts,87365,Saint Lucia,62.288,6
724,Learning Is Fun!,116060,idk,62.174,35
725,Venom,974,idk,62.139,13
726,1nno$leuths,372194,Algeria,61.956,19
727,hAOckers,309754,Italy,61.923,9
728,SC,63731,idk,61.766,34
729,K.i.V.A.,309842,idk,61.753,1
730,cRYPto_nOOb$,363718,India,61.488,8
731,SHIKANOKO NOKONOKO KOSHlTANTAN (play smileyctf),389047,idk,61.47,1
732,Esnarcotrafiquants,387095,France,61.47,1
733,0x16_pixel,358273,Viet Nam,61.263,46
734,16j,137096,China,61.261,62
735,APD-1280,368592,idk,61.222,8
736,K.Knock,1975,idk,61.22,4
737,Octobits,360449,Canada,61.183,10
738,Aft3r_7h0ugh7,186845,India,61.157,4
739,Ctrl-Alt-Elite,171587,India,61.132,21
740,Fl4gz0nF1r3,392211,India,61.097,13
741,Gh0stBytes,370347,idk,61.055,11
742,CP_Z3R0,335822,Morocco,61.036,27
743,gLaR3g3x,361093,France,61.029,12
744,WTN,279621,idk,60.899,7
745,Byt3Scr4pp3rs,57772,India,60.86,1
746,HasHash,356153,Pakistan,60.743,10
747,Axioni,382099,India,60.679,5
748,H4xor_Hunters,310096,India,60.669,47
749,schiach,392768,Austria,60.578,10
750,üá´üá∑ French Corp,378675,France,60.542,6
751,smartfellas,394667,India,60.487,15
752,MEPhI CTF,141950,idk,60.424,1
753,MERGEN,382146,Turkey,60.39,4
754,Tas.elpulga,389367,idk,60.253,8
755,Scholarly Swimmers of CMU,360809,United States,60.148,14
756,ma100,307569,idk,60.111,26
757,TBTL,170112,Croatia,60.0,1
758,doraneko,61649,idk,59.863,32
759,coldboots,144114,Norway,59.836,6
760,kernel guy,391476,Uzbekistan,59.803,4
761,Cyber @ UCI,366788,United States,59.782,7
762,CRUx BPHC,270645,India,59.556,24
763,NullSet,378599,idk,59.254,12
764,The Third Section,364665,Russian Federation,58.857,11
765,The Broken Semaphore,395258,idk,58.81,1
766,RedTeam-TG,202901,Togo,58.7,6
767,PoKo,404983,idk,58.682,1
768,Students Taking Flags United,282203,Hong Kong,58.382,8
769,Sikalilynux,383766,idk,58.373,1
770,flappy birds,301267,United States,58.279,3
771,ascii overflow,15360,United States,58.211,2
772,IgelsCTF,383447,idk,58.103,57
773,fsoci4ty,360398,idk,58.071,40
774,acdwas,31109,Poland,57.958,28
775,The Dwellers of the Hideout,185599,idk,57.9,8
776,MoaiMan,308503,United States,57.889,14
777,CTFREI,284523,France,57.845,10
778,tmpTeamName,276415,Russian Federation,57.806,18
779,scriptohio,144581,United States,57.749,6
780,Nez,380423,idk,57.744,16
781,Roarshach,385772,idk,57.584,19
782,Maze Breakers,365211,idk,57.401,47
783,CyGoN,379260,idk,57.32,1
784,fzhshzh,83758,idk,57.301,104
785,shaptoli,354332,Uzbekistan,57.275,5
786,RudraSec,380407,Nepal,57.195,16
787,OteriHack,190074,France,57.149,6
788,Wowza,112185,idk,57.133,6
789,CodeCrashers,309502,Pakistan,57.009,31
790,5h4d0wb10k3r,141760,idk,57.004,6
791,Kasper and friends,375308,idk,56.985,7
792,TryHarder,28193,France,56.974,21
793,SilkSong,403912,United States,56.931,4
794,weareurs,379538,United States,56.885,9
795,linguo_ok,326837,China,56.807,26
796,Cooked Mutton,372849,United States,56.766,5
797,MATPEIIIKA,368060,Russian Federation,56.678,5
798,pancakes,23289,idk,56.65,6
799,LigmaSugmaSigma,357439,Indonesia,56.639,31
800,Fedoraman Project,358628,Canada,56.599,10
801,one.man.necromance,369058,Singapore,56.592,13
802,hamayanhamayan,61295,Japan,56.486,34
803,Viettel Cyber Security,207318,idk,56.449,3
804,HyperSpectrum,358360,idk,56.374,26
805,Batman's Kitchen,3135,United States,56.32,11
806,My4nM4r,145625,Myanmar,56.312,12
807,HeroisDoMar,195853,Portugal,56.288,2
808,Zer0Tolerance,168845,Greece,56.185,2
809,Tur Tur Tur Sahur,382178,Russian Federation,56.159,17
810,unblvr,85873,Norway,56.141,4
811,mc3,396362,Indonesia,56.111,16
812,Capybaras,223931,Russian Federation,56.066,6
813,H4ck3r_4P3s,376164,idk,55.999,6
814,Sqiddies,375748,Switzerland,55.992,4
815,sudoWin,92139,India,55.982,8
816,0x90r00t,16700,France,55.965,4
817,Gutsy Glitch Greppers,395309,Peru,55.957,5
818,Radboud Institute of Pwning,128996,Netherlands,55.93,5
819,A.A.A.,228586,idk,55.841,4
820,thetimeloop,378692,Kazakhstan,55.803,13
821,#MogamiShizuka,282871,Viet Nam,55.761,49
822,rootsanctum,358611,Indonesia,55.702,15
823,sieberr.live,387795,Singapore,55.688,5
824,Rocket Rooks,277197,Australia,55.684,24
825,IM4X,374705,idk,55.662,3
826,daywave.,389611,Russian Federation,55.586,9
827,iaccep,276954,idk,55.535,25
828,Rounding Error,278496,idk,55.522,26
829,CtrlXploit,369393,India,55.52,15
830,HackerTroupe,382929,India,55.509,26
831,Hackingway,232734,idk,55.503,13
832,PwnL4ugh,373932,idk,55.494,4
833,0xDEADFA11,379715,India,55.411,10
834,CPCSEC,274692,United States,55.371,8
835,BackMoon,79338,idk,55.307,62
836,fr334aks-Mini,175491,Kenya,55.284,33
837,Otaku hunter,376125,idk,55.185,4
838,CyberZone,122355,Jordan,55.146,14
839,0day@freddy,387182,Viet Nam,55.144,10
840,LordOfThePings,368400,India,55.141,13
841,Abracada,28012,idk,55.125,5
842,Hackali,375500,idk,55.105,12
843,YaMA,223623,idk,55.032,5
844,Leg.,367652,United States,54.909,21
845,glitchood,307220,idk,54.838,4
846,P4rad0x,170928,India,54.799,24
847,f$NPw3ed,375717,idk,54.772,6
848,WATCTF,373968,Canada,54.726,4
849,WeAre,46640,China,54.681,39
850,flocto solo run,216704,United States,54.636,2
851,SECJOTA,354523,Viet Nam,54.558,18
852,GRIS,926,Brazil,54.503,17
853,VolgaCTF.org,27094,Russian Federation,54.28,1
854,sayonara,216265,Japan,54.258,19
855,h3ckm3ck,367098,Germany,54.205,19
856,lolicon,62048,idk,54.028,12
857,FireShell,25526,Brazil,54.026,4
858,Win123456,302969,idk,54.004,3
859,Pirates of the Dead Flag,386253,Bangladesh,54.001,17
860,tinyfat,214727,idk,53.964,29
861,hft1e35,368791,idk,53.933,28
862,NTUT_Is1ab,358803,"Taiwan, Republic of China",53.888,18
863,4GUn7uk,203072,Bangladesh,53.754,9
864,S3GF4UL7,375323,idk,53.726,19
865,Chaos Crew,393918,Romania,53.721,2
866,Makinami Maya,394326,Japan,53.712,6
867,TEAM,8454,idk,53.663,31
868,üêß,39539,idk,53.607,13
869,Syst3m of a pwn,24425,Kazakhstan,53.577,10
870,Byterrrs,381692,India,53.521,14
871,ÊòüÁàÜÁâõÁÇíÁ´πÁãê,309818,"Taiwan, Republic of China",53.511,4
872,flagbot,34878,Switzerland,53.494,4
873,eclastdance,379733,"Korea, Republic of",53.471,11
874,teapp,305310,Japan,53.357,11
875,Hash Slinging Hackers,8754,United States,53.252,13
876,ACS Citizens,285881,Thailand,53.168,14
877,Akatsuki,163697,India,53.082,21
878,Tenesys,22044,Indonesia,52.986,13
879,Penn State CCSO,367931,United States,52.984,2
880,BKSEC_n3m0,384248,idk,52.797,2
881,Xp0int,18925,China,52.78,8
882,bedwars,388766,United States,52.686,1
883,ECSCTeamGreece,196172,Greece,52.542,2
884,PorametK,394190,Thailand,52.499,11
885,sudo rm -rf /team/,380409,India,52.494,6
886,scuwn,301066,Singapore,52.435,7
887,pwn_of_b4c4lh4u,358279,Portugal,52.424,11
888,0x430x540x460x4c0x410x4e0x470x500x4f0x21.PH,372878,idk,52.421,6
889,Poison berries,109148,Russian Federation,52.313,4
890,jinmo123,22056,"Korea, Republic of",52.247,3
891,NOPS,4056,France,52.218,5
892,*(0),303100,India,52.128,7
893,mu5k3733r5,267670,India,52.114,13
894,Latvians,395267,Latvia,51.975,2
895,???%,270383,idk,51.865,9
896,keva,2980,Russian Federation,51.789,4
897,Galaticos4.0,381689,idk,51.717,2
898,NekoPara,181613,idk,51.647,7
899,SCH,105916,idk,51.549,9
900,0xdeada1u5,169558,Greece,51.504,3
901,ZeroTrace,349879,Spain,51.376,20
902,Lyk4ansky,381038,Belarus,51.273,9
903,BJ _SEC,368084,idk,51.26,12
904,bruhopen,282182,Hong Kong,51.252,4
905,devfault,375144,idk,51.146,28
906,Carixo nr. 1,369827,Norway,51.114,2
907,rm_ArchLinux,375749,idk,51.093,5
908,pwn0rDi3,390601,India,50.97,17
909,Chetire,374038,Russian Federation,50.936,8
910,ITSEC ASIA TEAM,376159,idk,50.861,3
911,Script Buddies,370440,United States,50.856,13
912,r3d_kn1ght5,212248,India,50.756,2
913,RollTheDice,404970,Romania,50.72,1
914,!_1AF,395499,idk,50.653,9
915,Corax,113107,Norway,50.526,6
916,M1dn1gh7sF!4gF1nd3rs,393800,"Taiwan, Republic of China",50.465,16
917,vuxvinh,300730,Viet Nam,50.437,8
918,BrHackeuses,360391,France,50.361,14
919,hanto,20541,United States,50.358,7
920,L,11724,China,50.21,9
921,skill_issue,271383,India,50.205,12
922,Hack Smarter,299066,idk,50.179,10
923,KattangalSec,373093,India,50.141,8
924,Kiwi,20826,idk,50.018,33
925,TyumGUard,380152,idk,50.0,1
926,NFITS,360674,Germany,50.0,1
927,BSidesSF,54737,United States,50.0,1
928,TP-Link,273760,China,50.0,1
929,Null Script Infiltrators,394081,Bangladesh,49.995,15
930,nullbytes,36385,idk,49.907,23
931,polaris,5171,China,49.905,5
932,stderr0r,366388,Japan,49.879,14
933,KUDoS,71813,Japan,49.812,5
934,The_Secret,302974,idk,49.778,1
935,qwerty,456,idk,49.763,20
936,Ch0up1,299096,Algeria,49.743,6
937,UletayuVDubai,403934,idk,49.737,7
938,Pekka Stars Clan,378667,India,49.701,4
939,ACS-ESP_2025,376115,idk,49.666,2
940,LT Cyber Team,395062,Lithuania,49.589,3
941,Fate//Decide,378289,Japan,49.539,8
942,Highlander Hackers,173925,United States,49.46,1
943,ÏÄè,379261,idk,49.439,1
944,Kikuri'sbeerpacket,359779,Singapore,49.41,23
945,ncodeks,371995,Ukraine,49.297,12
946,Visionspace,383284,Germany,49.24,2
947,TMAM,402389,idk,49.22,8
948,SPbCTF,30003,Russian Federation,49.2,2
949,SUSlo.PAS,6502,Russian Federation,49.2,1
950,HACK@CIT,287896,United States,49.14,1
951,janjetina,381907,Serbia,49.089,6
952,_MM,270674,idk,49.076,1
953,Urako,271886,Morocco,49.063,17
954,Prozhack,268630,France,49.024,10
955,idk,36437,United States,49.02,33
956,RumbleInTheJungle,182472,Norway,49.02,3
957,Undutmaning,212504,Sweden,49.0,1
958,Midnight Flag,179110,France,49.0,1
959,513HI,281015,"Korea, Republic of",48.983,6
960,Carbonara,108491,idk,48.967,26
961,zoozar,364426,idk,48.942,4
962,TeamGeramy,356343,Germany,48.893,1
963,CamelRiders,116033,Israel,48.798,13
964,polyflag,112451,Switzerland,48.711,2
965,BabylonCyberTeam,217725,Iraq,48.686,2
966,les 3 mousequesters,387427,France,48.68,1
967,team name,4190,idk,48.601,17
968,H4rv3st3rs,389049,idk,48.492,5
969,ThugShakers,403589,idk,48.365,4
970,Payatu Bandits,214924,India,48.335,4
971,Budu,368073,Georgia,48.335,14
972,imagine_losing,364598,Viet Nam,48.303,16
973,Insomni'hack Team,104742,Switzerland,48.28,1
974,PTIT.BunBo,375473,idk,48.205,10
975,Elite.sa,230138,Saudi Arabia,48.177,21
976,Pruferva,392291,idk,48.0,1
977,Futakura,382072,Japan,47.911,3
978,sessantanove,363890,idk,47.845,4
979,MoonPie,375643,idk,47.801,7
980,Team-Africc,382077,Namibia,47.753,2
981,127.0.0.1,11921,Indonesia,47.599,20
982,h4wk,277994,India,47.54,1
983,abbabaab,207040,Japan,47.521,6
984,3rr0r,1098,idk,47.43,9
985,Ctrl Alt Elite,25791,idk,47.375,8
986,VodniciVCechach,309632,Czech Republic,47.371,1
987,einherjar,35600,Turkey,47.351,2
988,BroncoSec,112673,United States,47.349,3
989,DeathByCoconut,221556,idk,47.3,1
990,MeowCorp,225409,France,47.199,6
991,RubiyaLab Expeditions,406623,idk,47.18,1
992,x3CTF,309820,idk,47.18,1
993,RabbiTown,162884,China,47.165,5
994,[H@ck3r.dro7],207337,Viet Nam,47.131,32
995,CTF@5000,376089,idk,47.127,3
996,bi0skochi,360361,India,47.1,26
997,Team2Sicilies,395318,Italy,47.097,2
998,0xSh@rk,403921,United States,47.087,1
999,SIGFLAG,32127,Austria,47.023,5
